id,grupo_id,nombre,inicio,fin,objetivo,indicador,meta,actividad,activo
PL-00000000002099,G-00000000002099,Plan Estratégico,,,"GENERAL
Contribuir al desarrollo de la Región en el Aspecto Industrial, Científico y Académico a través de la Investigación e implementación de Sistemas de Control, Sistemas de Información y Simulación para los procesos productivos y educativos que en ella se llevan a cabo; dentro del marco de la constante actualización e intercambio de información con grupos afines en el ámbito nacional y mundial.
ESPECIFICOS
1. Fortalecimiento de la Facultad de Ingeniería y Tecnológicas en el área de Ingeniería de Sistemas, la automatización, el control, la simulación a través del trabajo interdisciplinario.
2. Generar modelos que permitan el estudio, análisis y optimización de los procesos productivos de la región; todo dentro de la rigurosidad Científica inherente en todo grupo de investigación; pero buscando alcanzar beneficios inmediatos para las empresas de la región y el país.
3. Posibilitar espacios de estudio e investigación para estudiantes, conducentes a trabajos monográficos de grado.
4. Realización de eventos y publicaciones en las áreas de la Ingeniería de Sistemas.
5. Generar y desarrollar proyectos de grado en el área del Control y la Simulación que repercutan en la optimización de los procesos industriales.
6. Generar espacios para la profundización y cualificación docente, a nivel de formación avanzada.
7. Ofrecer soporte técnico-científico a los programas académicos que ofrece la Universidad Popular del Cesar.",,,"Plan de trabajo: 1) Consolidación de un grupo interdisciplinario con una base sólida en las áreas de Ingeniería de Sistemas
2) Desarrollo de trabajos de grado enfocados a las lineas de investigación del grupo.
3) Adquisición de infraestructura y material básico. El grupo se enfocará en la adquisición de equipos de computo y una oficina adecuada para el desarrollo de sus investigadores.
4) Producción de artículos científicos para publicación la publicación en revistas Indexadas con impacto Nacional e Internacional.
5) Formación avanzada en líneas específicas.
6) Participación activa en eventos académico-científico.
7) Presentación de proyectos de investigación y Participación continua en las convocatorias (Internas, Colciencias, Banco de la República, Fullbright, etc).
8) Reconocimiento a nivel nacional como grupo científico debidamente categorizado.
9) Institucionalización de un evento académico en Ingeniería de Sistemas.
10) Ofrecimiento de una línea de formación avanzada como postgrado con enfasis en la Producción Científica y las soluciones de las problemáticas de la región.",1
