id,titulo,anio,fecha,familia,tipologia,categoria,validacion,observacion,doi,url,fuente,activo
P-GR-F39C5CD58054,"Scientific Methods of Quantitative Research: Epistemological Foundations, Methodological Strategies, and Applications for the Study of Social Phenomena",2026,,Producción bibliográfica,Publicado en revista especializada,,pendiente,,,https://scienti.minciencias.gov.co/gruplac/jsp/visualiza/visualizagr.jsp?nro=00000000002099,"GrupLAC, sección Artículos publicados, consultado 2026-09-24",1
P-GR-69B41AAAFE04,"Gestión de la innovación, madurez de los procesos y competitividad en las PYMES: un enfoque PLS-SEM en economías emergentes",2026,,Producción bibliográfica,Publicado en revista especializada,,pendiente,,10.31637/epsir-2026-11,https://scienti.minciencias.gov.co/gruplac/jsp/visualiza/visualizagr.jsp?nro=00000000002099,"GrupLAC, sección Artículos publicados, consultado 2026-09-24",1
P-GR-11648949F70E,"Gestión de la innovación, madurez de procesos y competitividad en pymes: un enfoque PLS-SEM en economías emergentes",2026,,Producción bibliográfica,Publicado en revista especializada,,pendiente,,10.31637/epsir-2026-2967,https://scienti.minciencias.gov.co/gruplac/jsp/visualiza/visualizagr.jsp?nro=00000000002099,"GrupLAC, sección Artículos publicados, consultado 2026-09-24",1
P-GR-93B465CD3ACE,Pensamiento sistémico y simulación microcontrolada en riego por goteo: revisión sistemática para el diseño de modelos educativos-tecnológicos,2025,,Producción bibliográfica,Publicado en revista especializada,,pendiente,,10.54502/msuceva.v5n1a6,https://scienti.minciencias.gov.co/gruplac/jsp/visualiza/visualizagr.jsp?nro=00000000002099,"GrupLAC, sección Artículos publicados, consultado 2026-09-24",1
P-GR-0BC18AD6E6A4,"Investigación, innovación y desarrollo tecnológico en el programa de Ingeniería de Sistemas de la Universidad Popular del Cesar: una mirada desde el sector empresarial",2025,,Producción bibliográfica,Publicado en revista especializada,,pendiente,,,https://scienti.minciencias.gov.co/gruplac/jsp/visualiza/visualizagr.jsp?nro=00000000002099,"GrupLAC, sección Artículos publicados, consultado 2026-09-24",1
P-GR-153AC6C45730,Community smells in software development communities:systematic literature review,2025,,Producción bibliográfica,Publicado en revista especializada,,pendiente,,10.25100/iyc.v27i2,https://scienti.minciencias.gov.co/gruplac/jsp/visualiza/visualizagr.jsp?nro=00000000002099,"GrupLAC, sección Artículos publicados, consultado 2026-09-24",1
P-GR-F16BE26985BC,Discovering the Chimera of (Un)Happiness in Agile Software Development Communities: A Systematic Literature Review,2025,,Producción bibliográfica,Publicado en revista especializada,,pendiente,,10.3390/app15105533,https://scienti.minciencias.gov.co/gruplac/jsp/visualiza/visualizagr.jsp?nro=00000000002099,"GrupLAC, sección Artículos publicados, consultado 2026-09-24",1
P-GR-46F92D3B7529,Textual Production in the University Context: A Practical Tool for Academic Essay Writing,2024,,Producción bibliográfica,Publicado en revista especializada,,pendiente,,10.52783/pst.1003,https://scienti.minciencias.gov.co/gruplac/jsp/visualiza/visualizagr.jsp?nro=00000000002099,"GrupLAC, sección Artículos publicados, consultado 2026-09-24",1
P-GR-313BB63C0BDE,Contributions to the application of non-participant observation as a research technique.,2024,,Producción bibliográfica,Publicado en revista especializada,,pendiente,,10.52783/pst.988,https://scienti.minciencias.gov.co/gruplac/jsp/visualiza/visualizagr.jsp?nro=00000000002099,"GrupLAC, sección Artículos publicados, consultado 2026-09-24",1
P-GR-11DCE3B2E7C0,"When and How to Use Mixed-Method Research: Designs, Advantages, and Limits",2024,,Producción bibliográfica,Publicado en revista especializada,,pendiente,,10.52783/lhep.2024.1366,https://scienti.minciencias.gov.co/gruplac/jsp/visualiza/visualizagr.jsp?nro=00000000002099,"GrupLAC, sección Artículos publicados, consultado 2026-09-24",1
P-GR-99D1BBB097A2,Scope and Limits of the State of the Art: Methodological and Epistemic Reflections,2024,,Producción bibliográfica,Publicado en revista especializada,,pendiente,,10.52783/lhep.2024.1577,https://scienti.minciencias.gov.co/gruplac/jsp/visualiza/visualizagr.jsp?nro=00000000002099,"GrupLAC, sección Artículos publicados, consultado 2026-09-24",1
P-GR-4938F09823E9,"Cuándo y cómo utilizar la investigación de métodos mixtos: diseños, ventajas y límites",2024,,Producción bibliográfica,Publicado en revista especializada,,pendiente,,,https://scienti.minciencias.gov.co/gruplac/jsp/visualiza/visualizagr.jsp?nro=00000000002099,"GrupLAC, sección Artículos publicados, consultado 2026-09-24",1
P-GR-E1797D3AF9A4,"When and How to Use Mixed-Method Research: Designs, Advantages, and Limits",2024,,Producción bibliográfica,Publicado en revista especializada,,pendiente,,10.52783/crlsj.572,https://scienti.minciencias.gov.co/gruplac/jsp/visualiza/visualizagr.jsp?nro=00000000002099,"GrupLAC, sección Artículos publicados, consultado 2026-09-24",1
P-GR-2F89FFBAC009,Instruments for Collecting Information in Quantitative Research,2024,,Producción bibliográfica,Publicado en revista especializada,,pendiente,,10.52783/lhep.2024.1496,https://scienti.minciencias.gov.co/gruplac/jsp/visualiza/visualizagr.jsp?nro=00000000002099,"GrupLAC, sección Artículos publicados, consultado 2026-09-24",1
P-GR-488E5E345A8F,"Instrumento para medir las percepciones de las comunidades de desarrollo de software respecto a la comunicación, coordinación y cooperación: Resultado de la validación mediante juicio de expertos",2024,,Producción bibliográfica,Publicado en revista especializada,,pendiente,,10.17981/20.1.2024.10,https://scienti.minciencias.gov.co/gruplac/jsp/visualiza/visualizagr.jsp?nro=00000000002099,"GrupLAC, sección Artículos publicados, consultado 2026-09-24",1
P-GR-CD4D5352CBB2,Movilidad académica estudiantil. Experiencias de la Universidad de las Ciencias Informáticas en un programa regional (2021-2022),2024,,Producción bibliográfica,Publicado en revista especializada,,pendiente,,,https://scienti.minciencias.gov.co/gruplac/jsp/visualiza/visualizagr.jsp?nro=00000000002099,"GrupLAC, sección Artículos publicados, consultado 2026-09-24",1
P-GR-93FB0E312B06,Sustainability in Hybrid Technologies for Heritage Preservation: A Scientometric Study,2024,,Producción bibliográfica,Publicado en revista especializada,,pendiente,,10.3390/su16051991,https://scienti.minciencias.gov.co/gruplac/jsp/visualiza/visualizagr.jsp?nro=00000000002099,"GrupLAC, sección Artículos publicados, consultado 2026-09-24",1
P-GR-70D7F65038A7,Modelo de seguridad de la información bajo los principios de Gobierno TI para el sector industrial manufacturero,2024,,Producción bibliográfica,Publicado en revista especializada,,pendiente,,10.22463/2011642X.3588,https://scienti.minciencias.gov.co/gruplac/jsp/visualiza/visualizagr.jsp?nro=00000000002099,"GrupLAC, sección Artículos publicados, consultado 2026-09-24",1
P-GR-5236E00D96BB,DESARROLLO DE UNA SOLUCIÓN MÓVIL BAJO LA TECNOLOGÍA EMERGENTE VISIÓN ARTIFICIAL PARA LA ENSEÑANZAAPRENDIZAJE DE LA FAUNA,2023,,Producción bibliográfica,Publicado en revista especializada,,pendiente,,,https://scienti.minciencias.gov.co/gruplac/jsp/visualiza/visualizagr.jsp?nro=00000000002099,"GrupLAC, sección Artículos publicados, consultado 2026-09-24",1
P-GR-5A23874FD1A9,Tourism and Conservation Empowered by Augmented Reality: A Scientometric Analysis Based on the Science Tree Metaphor,2023,,Producción bibliográfica,Publicado en revista especializada,,pendiente,,10.3390/su152416847,https://scienti.minciencias.gov.co/gruplac/jsp/visualiza/visualizagr.jsp?nro=00000000002099,"GrupLAC, sección Artículos publicados, consultado 2026-09-24",1
P-GR-5084F5D36A0B,"Exploring the History and Culture of Main Square Los Tupes with Augmented Reality in San Diego, Cesar",2023,,Producción bibliográfica,Publicado en revista especializada,,pendiente,,10.1007/978-981-99-7947-9_19,https://scienti.minciencias.gov.co/gruplac/jsp/visualiza/visualizagr.jsp?nro=00000000002099,"GrupLAC, sección Artículos publicados, consultado 2026-09-24",1
P-GR-752C910DB990,Augmented Reality and Tourism: A Bibliometric Analysis of New Technological Bets in the Post-COVID Era,2023,,Producción bibliográfica,Publicado en revista especializada,,pendiente,,10.3390/su152115358,https://scienti.minciencias.gov.co/gruplac/jsp/visualiza/visualizagr.jsp?nro=00000000002099,"GrupLAC, sección Artículos publicados, consultado 2026-09-24",1
P-GR-0865C5510B05,"An Application Based on the Concept of Gamification to Promote Cultural Tourism in the Municipality of San Diego in the Department of Cesar, Colombia",2023,,Producción bibliográfica,Publicado en revista especializada,,pendiente,,10.1007/978-3-031-37717-4,https://scienti.minciencias.gov.co/gruplac/jsp/visualiza/visualizagr.jsp?nro=00000000002099,"GrupLAC, sección Artículos publicados, consultado 2026-09-24",1
P-GR-C84F16C5EC5B,"Platform Based on Augmented Reality to Support Cultural Tourism in the Department of Cesar, Colombia",2023,,Producción bibliográfica,Publicado en revista especializada,,pendiente,,10.1007/978-3-031-37717-4_38,https://scienti.minciencias.gov.co/gruplac/jsp/visualiza/visualizagr.jsp?nro=00000000002099,"GrupLAC, sección Artículos publicados, consultado 2026-09-24",1
P-GR-5AF97CF262C6,"Augmented reality applied to the ""Balneario Paso de la Danta"" in Manaure Cesar, an interactive experience of ICT and cultural heritage.",2023,,Producción bibliográfica,Publicado en revista especializada,,pendiente,,,https://scienti.minciencias.gov.co/gruplac/jsp/visualiza/visualizagr.jsp?nro=00000000002099,"GrupLAC, sección Artículos publicados, consultado 2026-09-24",1
P-GR-A0EA10703F1B,Multi-agent system for the analysis of social behavior in the face of a seismological event,2023,,Producción bibliográfica,Publicado en revista especializada,,pendiente,,10.15643134/2346030X.3249,https://scienti.minciencias.gov.co/gruplac/jsp/visualiza/visualizagr.jsp?nro=00000000002099,"GrupLAC, sección Artículos publicados, consultado 2026-09-24",1
P-GR-2F6ABAD3E53D,Uso de métricas de calidad para evaluar la usabilidad de un producto de software,2022,,Producción bibliográfica,Publicado en revista especializada,,pendiente,,,https://scienti.minciencias.gov.co/gruplac/jsp/visualiza/visualizagr.jsp?nro=00000000002099,"GrupLAC, sección Artículos publicados, consultado 2026-09-24",1
P-GR-01F3316EFEF6,Aplicación móvil como estrategia de enseñanza para iniciar el proceso de lectura a estudiantes en condición de discapacidad auditiva,2022,,Producción bibliográfica,Publicado en revista especializada,,pendiente,,10.4067/S0718-0764,https://scienti.minciencias.gov.co/gruplac/jsp/visualiza/visualizagr.jsp?nro=00000000002099,"GrupLAC, sección Artículos publicados, consultado 2026-09-24",1
P-GR-2F18F3774F57,Aplicación móvil como estrategia de enseñanza para iniciar el proceso de lectura a estudiantes en condición de discapacidad auditiva,2022,,Producción bibliográfica,Publicado en revista especializada,,pendiente,,10.4067/0718-0764,https://scienti.minciencias.gov.co/gruplac/jsp/visualiza/visualizagr.jsp?nro=00000000002099,"GrupLAC, sección Artículos publicados, consultado 2026-09-24",1
P-GR-20D85C5BB990,Sistema móvil de gestión para servicios en atención en instituciones prestadoras de salud IV nivel,2022,,Producción bibliográfica,Publicado en revista especializada,,pendiente,,,https://scienti.minciencias.gov.co/gruplac/jsp/visualiza/visualizagr.jsp?nro=00000000002099,"GrupLAC, sección Artículos publicados, consultado 2026-09-24",1
P-GR-907B4CE6E16D,Aplicativo móvil para la gestión de procesos administrativos y operativos para una inmobiliaria en la ciudad de Valledupar,2022,,Producción bibliográfica,Publicado en revista especializada,,pendiente,,,https://scienti.minciencias.gov.co/gruplac/jsp/visualiza/visualizagr.jsp?nro=00000000002099,"GrupLAC, sección Artículos publicados, consultado 2026-09-24",1
P-GR-E6699A14DB11,"""GlyphReader App: A support game for the application of the Orton Gillingham Method with DataMining Techniques",2021,,Producción bibliográfica,Publicado en revista especializada,,pendiente,,10.1016/j.procs.2021.07.069,https://scienti.minciencias.gov.co/gruplac/jsp/visualiza/visualizagr.jsp?nro=00000000002099,"GrupLAC, sección Artículos publicados, consultado 2026-09-24",1
P-GR-EE14C14A20FC,VISIÓN COMPUTACIONAL COMO RECURSO DIDÁCTICO PARA EL APRENDIZAJE DE LA FAUNA DE UNA REGIÓN,2020,,Producción bibliográfica,Publicado en revista especializada,,pendiente,,,https://scienti.minciencias.gov.co/gruplac/jsp/visualiza/visualizagr.jsp?nro=00000000002099,"GrupLAC, sección Artículos publicados, consultado 2026-09-24",1
P-GR-2BC9A17C1FF7,Condiciones para el aprendizaje organizacional y prácticas de gestión de innovación: un análisis en medianas empresas.,2020,,Producción bibliográfica,Publicado en revista especializada,,pendiente,,10.4067/S0718-07642020000300209,https://scienti.minciencias.gov.co/gruplac/jsp/visualiza/visualizagr.jsp?nro=00000000002099,"GrupLAC, sección Artículos publicados, consultado 2026-09-24",1
P-GR-D9335A4721CC,Gestión del conocimiento en un grupo de investigación en ingeniería - Knowledge management in an engineering research group,2018,,Producción bibliográfica,Publicado en revista especializada,,pendiente,,,https://scienti.minciencias.gov.co/gruplac/jsp/visualiza/visualizagr.jsp?nro=00000000002099,"GrupLAC, sección Artículos publicados, consultado 2026-09-24",1
P-GR-BE45F2FA6104,RECORRIDO VIRTUAL TRIDIMENSIONAL PARA LA UNIVERSIDAD POPULAR DEL CESAR,2017,,Producción bibliográfica,Publicado en revista especializada,,pendiente,,,https://scienti.minciencias.gov.co/gruplac/jsp/visualiza/visualizagr.jsp?nro=00000000002099,"GrupLAC, sección Artículos publicados, consultado 2026-09-24",1
P-GR-3844C6A41820,Estrategias pedagógicas basadas en herramientas Web 2.0 como apoyo en la enseñanza universitaria,2017,,Producción bibliográfica,Publicado en revista especializada,,pendiente,,,https://scienti.minciencias.gov.co/gruplac/jsp/visualiza/visualizagr.jsp?nro=00000000002099,"GrupLAC, sección Artículos publicados, consultado 2026-09-24",1
P-GR-498EA8E89791,ANÁLISIS DE LOS FACTORES ASOCIADOS AL RENDIMIENTO ACADÉMICO DE ESTUDIANTES DE UN CURSO DE INFORMÁTICA,2017,,Producción bibliográfica,Publicado en revista especializada,,pendiente,,,https://scienti.minciencias.gov.co/gruplac/jsp/visualiza/visualizagr.jsp?nro=00000000002099,"GrupLAC, sección Artículos publicados, consultado 2026-09-24",1
P-GR-80BFEEC5D8EE,"EDUCACIÓN, CIENCIA, TECNOLOGÍA E INNOVACIÓN EN COLOMBIA: AVANCES Y RETOS DEL PERIODO 1996-2016",2016,,Producción bibliográfica,Publicado en revista especializada,,pendiente,,,https://scienti.minciencias.gov.co/gruplac/jsp/visualiza/visualizagr.jsp?nro=00000000002099,"GrupLAC, sección Artículos publicados, consultado 2026-09-24",1
P-GR-92C34F7B12F6,ANALYSIS OF THE BEHAVIOR OF CUSTOMERS IN THE SOCIAL NETWORKS USING DATA MINING TECHNIQUES,2016,,Producción bibliográfica,Corto (Resumen),,pendiente,,10.1109/ASONAM.2016.7752301,https://scienti.minciencias.gov.co/gruplac/jsp/visualiza/visualizagr.jsp?nro=00000000002099,"GrupLAC, sección Artículos publicados, consultado 2026-09-24",1
P-GR-87AFF9A9D802,Análisis de propuestas de medición de e-government publicadas en revistas científicas en relación con los factores asociados a la e-inclusión,2016,,Producción bibliográfica,Corto (Resumen),,pendiente,,,https://scienti.minciencias.gov.co/gruplac/jsp/visualiza/visualizagr.jsp?nro=00000000002099,"GrupLAC, sección Artículos publicados, consultado 2026-09-24",1
P-GR-EBB86ED0CED1,"Actividades de innovación en servicios en las pequeñas y medianas empresas comerciales del sector textil de Valledupar, Colombia",2016,,Producción bibliográfica,Publicado en revista especializada,,pendiente,,,https://scienti.minciencias.gov.co/gruplac/jsp/visualiza/visualizagr.jsp?nro=00000000002099,"GrupLAC, sección Artículos publicados, consultado 2026-09-24",1
P-GR-F637903A79B1,JUEGOS DIDÁCTICOS BASADOS EN REALIDAD AUMENTADA COMO APOYO EN LA ENSEÑANZA DE BIOLOGÍA,2015,,Producción bibliográfica,Publicado en revista especializada,,pendiente,,,https://scienti.minciencias.gov.co/gruplac/jsp/visualiza/visualizagr.jsp?nro=00000000002099,"GrupLAC, sección Artículos publicados, consultado 2026-09-24",1
P-GR-3D30952E0010,Diseño de Servicios Web Semánticos utilizando el desarrollo de software dirigido por modelos,2014,,Producción bibliográfica,Publicado en revista especializada,,pendiente,,,https://scienti.minciencias.gov.co/gruplac/jsp/visualiza/visualizagr.jsp?nro=00000000002099,"GrupLAC, sección Artículos publicados, consultado 2026-09-24",1
P-GR-C3C43ACD50F6,Web 2.0 como Apoyo al Aprendizaje de Nuevas Tecnologías en la Comunidad Academica: Caso Universidad Popular del Cesar,2014,,Producción bibliográfica,Publicado en revista especializada,,pendiente,,,https://scienti.minciencias.gov.co/gruplac/jsp/visualiza/visualizagr.jsp?nro=00000000002099,"GrupLAC, sección Artículos publicados, consultado 2026-09-24",1
P-GR-86A224F5D33A,Modelamiento de la cinética de hidrólisis enzimática de proteínas del plasma bovino,2012,,Producción bibliográfica,Publicado en revista especializada,,pendiente,,,https://scienti.minciencias.gov.co/gruplac/jsp/visualiza/visualizagr.jsp?nro=00000000002099,"GrupLAC, sección Artículos publicados, consultado 2026-09-24",1
P-GR-DB5C04B69C15,Use of singularity capturing functions in the solution of problems with discontinuous boundary conditions,2009,,Producción bibliográfica,Publicado en revista especializada,,pendiente,,10.1016/j.enganabound.2008.05.002,https://scienti.minciencias.gov.co/gruplac/jsp/visualiza/visualizagr.jsp?nro=00000000002099,"GrupLAC, sección Artículos publicados, consultado 2026-09-24",1
P-GR-E685E358E3AC,Método de Colocación Simétrico RBF Para la Solución Numérica de la Ecuación de Difusión en Estado Transiente,2009,,Producción bibliográfica,Publicado en revista especializada,,pendiente,,,https://scienti.minciencias.gov.co/gruplac/jsp/visualiza/visualizagr.jsp?nro=00000000002099,"GrupLAC, sección Artículos publicados, consultado 2026-09-24",1
P-GR-263CEE3AA447,Simulación de una Torre de Enfriamiento Mecánica Comparada con Curvas Experimentales,2009,,Producción bibliográfica,Publicado en revista especializada,,pendiente,,,https://scienti.minciencias.gov.co/gruplac/jsp/visualiza/visualizagr.jsp?nro=00000000002099,"GrupLAC, sección Artículos publicados, consultado 2026-09-24",1
P-GR-E6AA513359A8,Simulación de una Torre de Enfriamiento Mecánica comparada con Curvas Reales,2009,,Producción bibliográfica,Publicado en revista especializada,,pendiente,,,https://scienti.minciencias.gov.co/gruplac/jsp/visualiza/visualizagr.jsp?nro=00000000002099,"GrupLAC, sección Artículos publicados, consultado 2026-09-24",1
P-GR-F93AE7AD2F2B,Extending the local radial basis function collocation methods for solving semi-linear partial differential equations,2009,,Producción bibliográfica,Publicado en revista especializada,,pendiente,,10.2495/BE090111,https://scienti.minciencias.gov.co/gruplac/jsp/visualiza/visualizagr.jsp?nro=00000000002099,"GrupLAC, sección Artículos publicados, consultado 2026-09-24",1
P-GR-AC0195014581,Extending the local radial basis function collocation methods for solving semilinear partial differential equations,2009,,Producción bibliográfica,Publicado en revista especializada,,pendiente,,,https://scienti.minciencias.gov.co/gruplac/jsp/visualiza/visualizagr.jsp?nro=00000000002099,"GrupLAC, sección Artículos publicados, consultado 2026-09-24",1
P-GR-0AEBF1670FFF,solving delay differential equations through RBF collocation,2009,,Producción bibliográfica,Publicado en revista especializada,,pendiente,,,https://scienti.minciencias.gov.co/gruplac/jsp/visualiza/visualizagr.jsp?nro=00000000002099,"GrupLAC, sección Artículos publicados, consultado 2026-09-24",1
P-GR-CB379ABE42B8,"COMPARISON BETWEEN GLOBAL, CLASSICAL DOMAIN DECOMPOSITION AND LOCAL, SINGLE AND DOUBLE COLLOCATION METHODS BASED ON RBF INTERPOLATION FOR SOLVING CONVECTION-DIFFUSION EQUATION",2008,,Producción bibliográfica,Publicado en revista especializada,,pendiente,,10.1142/S0129183108013102,https://scienti.minciencias.gov.co/gruplac/jsp/visualiza/visualizagr.jsp?nro=00000000002099,"GrupLAC, sección Artículos publicados, consultado 2026-09-24",1
P-GR-1A2DAA1C3F2C,ISSUES OF THE LOCAL RADIAL BASIS COLLOCATION METHOD IMPLEMENTATION FOR SOLVING SECOND ORDER PARTIAL DIFFERENTIAL EQUATION,2008,,Producción bibliográfica,Publicado en revista especializada,,pendiente,,,https://scienti.minciencias.gov.co/gruplac/jsp/visualiza/visualizagr.jsp?nro=00000000002099,"GrupLAC, sección Artículos publicados, consultado 2026-09-24",1
P-GR-2EFCC14EC33E,"OMPARISON BETWEEN GLOBAL, CLASSICAL DOMAIN DECOMPOSITION AND LOCAL, SINGLE AND DOUBLE COLLOCATION METHODS BASED ON RBF INTERPOLATION FOR SOLVING CONVECTION-DIFFUSION EQUATION",2008,,Producción bibliográfica,Publicado en revista especializada,,pendiente,,,https://scienti.minciencias.gov.co/gruplac/jsp/visualiza/visualizagr.jsp?nro=00000000002099,"GrupLAC, sección Artículos publicados, consultado 2026-09-24",1
P-GR-350ECBCE9AFF,MODELAMIENTO Y SIMULACIÓN DE UNA TORRE DE ENFRIAMIENTO,2007,,Producción bibliográfica,Publicado en revista especializada,,pendiente,,,https://scienti.minciencias.gov.co/gruplac/jsp/visualiza/visualizagr.jsp?nro=00000000002099,"GrupLAC, sección Artículos publicados, consultado 2026-09-24",1
P-GR-1E543C79B668,Improving local radial basis function collocation method for second order partial differential equations,2007,,Producción bibliográfica,Publicado en revista especializada,,pendiente,,,https://scienti.minciencias.gov.co/gruplac/jsp/visualiza/visualizagr.jsp?nro=00000000002099,"GrupLAC, sección Artículos publicados, consultado 2026-09-24",1
P-GR-4C98ABAAB18A,ESTUDIO NUMÉRICO DE LA INTERPOLACIÓN EN 2D CON FUNCIONES DE BASE RADIAL RBF CON SOPORTE GLOBAL,2005,,Producción bibliográfica,Publicado en revista especializada,,pendiente,,,https://scienti.minciencias.gov.co/gruplac/jsp/visualiza/visualizagr.jsp?nro=00000000002099,"GrupLAC, sección Artículos publicados, consultado 2026-09-24",1
P-GR-65CA352C3DE1,Diseño y desarrollo de un software para el proceso de pasteurización po medio de intercambiadores de calor de placas,2005,,Producción bibliográfica,Publicado en revista especializada,,pendiente,,,https://scienti.minciencias.gov.co/gruplac/jsp/visualiza/visualizagr.jsp?nro=00000000002099,"GrupLAC, sección Artículos publicados, consultado 2026-09-24",1
P-GR-D7C2AB98AE9E,ESTUDIO DEL GRADO DE PREDICCIÓN DE UN MODELO MATEMATICO Y SU SIMULACIÓN PARA EL PROCESO DE PRODUCCION DE VAPOR EN LA CALDERA DE LA UNIVERSIDAD POPULAR DEL CESAR,2005,,Producción bibliográfica,Publicado en revista especializada,,pendiente,,,https://scienti.minciencias.gov.co/gruplac/jsp/visualiza/visualizagr.jsp?nro=00000000002099,"GrupLAC, sección Artículos publicados, consultado 2026-09-24",1
P-GR-381CE49F7C96,SIMULADOR EN TIEMPO REAL PARA LA SINTONIZACIÓN DE CONTROLADORES PID EN UN PROCSO CON LAZO REALIMENTADO DE TEMPERATURA,2004,,Producción bibliográfica,Publicado en revista especializada,,pendiente,,,https://scienti.minciencias.gov.co/gruplac/jsp/visualiza/visualizagr.jsp?nro=00000000002099,"GrupLAC, sección Artículos publicados, consultado 2026-09-24",1
P-GR-04DA2B908A24,Diseño y Simulación de un Controlador difuso para control de nivel y temperatura de liquido en un tanque,2004,,Producción bibliográfica,Publicado en revista especializada,,pendiente,,,https://scienti.minciencias.gov.co/gruplac/jsp/visualiza/visualizagr.jsp?nro=00000000002099,"GrupLAC, sección Artículos publicados, consultado 2026-09-24",1
P-GR-7A625DB742A3,El uso de la simulación como herramienta de diseño y optimización de sistemas de distribución de agua potable,2004,,Producción bibliográfica,Publicado en revista especializada,,pendiente,,,https://scienti.minciencias.gov.co/gruplac/jsp/visualiza/visualizagr.jsp?nro=00000000002099,"GrupLAC, sección Artículos publicados, consultado 2026-09-24",1
P-GR-8A82143F96C8,Diseño y desarrollo de un simulador para un sistema de pasteurización controlado automaticamente.,2002,,Producción bibliográfica,Publicado en revista especializada,,pendiente,,,https://scienti.minciencias.gov.co/gruplac/jsp/visualiza/visualizagr.jsp?nro=00000000002099,"GrupLAC, sección Artículos publicados, consultado 2026-09-24",1
P-GR-48ADA0FECDA1,EVALUACIÓN DE VARIAS EMNMIENDAS PARA LA CORRECCIÓN DE SUELOS SÓDICOS EN EL VALLE DEL CESAR,2000,,Producción bibliográfica,Publicado en revista especializada,,pendiente,,,https://scienti.minciencias.gov.co/gruplac/jsp/visualiza/visualizagr.jsp?nro=00000000002099,"GrupLAC, sección Artículos publicados, consultado 2026-09-24",1
P-GR-4EEC859A7879,RELACIÓN ENTRE EL SODIO EDÁFICO Y FOLIAR Y SU EFECTO SOBRE LAS PLANTAS DE ALGODON Y SOYA EN EL NORTE DEL CESAR,1998,,Producción bibliográfica,Publicado en revista especializada,,pendiente,,,https://scienti.minciencias.gov.co/gruplac/jsp/visualiza/visualizagr.jsp?nro=00000000002099,"GrupLAC, sección Artículos publicados, consultado 2026-09-24",1
P-GR-D473E392E7E9,APRENDER MATEMÁTICAS EN LA ERA DIGITAL - Tecnologías Educativas Disruptivas para el Fortalecimiento del Pensamiento Aritmético Inicial,2026,,Producción bibliográfica,Libro resultado de investigación,,pendiente,,,https://scienti.minciencias.gov.co/gruplac/jsp/visualiza/visualizagr.jsp?nro=00000000002099,"GrupLAC, sección Libros publicados, consultado 2026-09-24",1
P-GR-3298A9466354,El pensar de la educacion basada en ideas pedagógicas,2026,,Producción bibliográfica,Libro resultado de investigación,,pendiente,,,https://scienti.minciencias.gov.co/gruplac/jsp/visualiza/visualizagr.jsp?nro=00000000002099,"GrupLAC, sección Libros publicados, consultado 2026-09-24",1
P-GR-827E6E5BCA34,Minería de datos aplicadas a las pruebas Saber 11 y Saber Pro,2026,,Producción bibliográfica,Libro resultado de investigación,,pendiente,,,https://scienti.minciencias.gov.co/gruplac/jsp/visualiza/visualizagr.jsp?nro=00000000002099,"GrupLAC, sección Libros publicados, consultado 2026-09-24",1
P-GR-17F6F346601A,Ambiente Virtual Inmersivo y Diferenciado: Resultado de su implementación en estudiantes con discapacidad auditiva,2026,,Producción bibliográfica,Libro resultado de investigación,,pendiente,,,https://scienti.minciencias.gov.co/gruplac/jsp/visualiza/visualizagr.jsp?nro=00000000002099,"GrupLAC, sección Libros publicados, consultado 2026-09-24",1
P-GR-12130B5262DE,Ambiente Virtual Inmersivo y Diferenciado: Resultados de su Implementación en estudiantes con discapacidad auditiva.,2026,,Producción bibliográfica,Libro resultado de investigación,,pendiente,,,https://scienti.minciencias.gov.co/gruplac/jsp/visualiza/visualizagr.jsp?nro=00000000002099,"GrupLAC, sección Libros publicados, consultado 2026-09-24",1
P-GR-280F8758663B,Guía de Implementación del Sistema de Gestión Medio Ambiental - ISO 14001,2025,,Producción bibliográfica,Libro resultado de investigación,,pendiente,,,https://scienti.minciencias.gov.co/gruplac/jsp/visualiza/visualizagr.jsp?nro=00000000002099,"GrupLAC, sección Libros publicados, consultado 2026-09-24",1
P-GR-4CE808D54B9A,Notas a mano sobre análisis orientado a objetos y patrones de diseño,2025,,Producción bibliográfica,Libro resultado de investigación,,pendiente,,,https://scienti.minciencias.gov.co/gruplac/jsp/visualiza/visualizagr.jsp?nro=00000000002099,"GrupLAC, sección Libros publicados, consultado 2026-09-24",1
P-GR-BEB154A15CD8,Herramientas Tecnológica para la educación,2024,,Producción bibliográfica,Libro resultado de investigación,,pendiente,,,https://scienti.minciencias.gov.co/gruplac/jsp/visualiza/visualizagr.jsp?nro=00000000002099,"GrupLAC, sección Libros publicados, consultado 2026-09-24",1
P-GR-7BD1E3A50D92,Las TIC en el desarrollo de competencias lectoras y escritoras,2023,,Producción bibliográfica,Libro resultado de investigación,,pendiente,,,https://scienti.minciencias.gov.co/gruplac/jsp/visualiza/visualizagr.jsp?nro=00000000002099,"GrupLAC, sección Libros publicados, consultado 2026-09-24",1
P-GR-E85E84C2F17B,Scrum con instrucción diferenciada aplicado al proceso de enseñanza,2023,,Producción bibliográfica,Libro resultado de investigación,,pendiente,,,https://scienti.minciencias.gov.co/gruplac/jsp/visualiza/visualizagr.jsp?nro=00000000002099,"GrupLAC, sección Libros publicados, consultado 2026-09-24",1
P-GR-F633D1F32BDE,Marco de trabajo scrum con instrucci6n diferenciada aplicado al proceso de aprendizaje,2022,,Producción bibliográfica,Libro resultado de investigación,,pendiente,,,https://scienti.minciencias.gov.co/gruplac/jsp/visualiza/visualizagr.jsp?nro=00000000002099,"GrupLAC, sección Libros publicados, consultado 2026-09-24",1
P-GR-6D0BDB417EE7,ALGORITMO FACIL,2014,,Producción bibliográfica,Libro resultado de investigación,,pendiente,,,https://scienti.minciencias.gov.co/gruplac/jsp/visualiza/visualizagr.jsp?nro=00000000002099,"GrupLAC, sección Libros publicados, consultado 2026-09-24",1
P-GR-40B29DD3BF41,Programación orientada a objetos: Un enfoque desde la perspectiva del aprendizaje basado en problemas (Spanish Edition),2025,,Producción bibliográfica,Capítulo de libro,,pendiente,,,https://scienti.minciencias.gov.co/gruplac/jsp/visualiza/visualizagr.jsp?nro=00000000002099,"GrupLAC, sección Capítulos de libro publicados, consultado 2026-09-24",1
P-GR-5084964A8481,CONSTRUCCIÓN Y EVALUACIÓN DE LOS RESULTADOS DE APRENDIZAJE: ANÁLISIS DE LOS LOGROS DEL PROGRAMA DE INGENIERÍA DE SISTEMAS DE LA UNIVERSIDAD POPULAR DEL CESAR,2024,,Producción bibliográfica,Capítulo de libro,,pendiente,,,https://scienti.minciencias.gov.co/gruplac/jsp/visualiza/visualizagr.jsp?nro=00000000002099,"GrupLAC, sección Capítulos de libro publicados, consultado 2026-09-24",1
P-GR-1D0CF334A92F,DESAFIANDO LA TRADICIÓN: INNOVACIÓN EN FLEXIBILIZACIÓN CURRICULAR EN EL PROGRAMA DE INGENIERÍA DE SISTEMAS - EXPERIENCIAS DE LIDERAZGO Y GESTIÓN EN LA UNIVERSIDAD POPULAR DEL CESAR,2024,,Producción bibliográfica,Capítulo de libro,,pendiente,,,https://scienti.minciencias.gov.co/gruplac/jsp/visualiza/visualizagr.jsp?nro=00000000002099,"GrupLAC, sección Capítulos de libro publicados, consultado 2026-09-24",1
P-GR-6CECC4B1E621,LA INVESTIGACIÓN COMPONENTE ESENCIAL PARA EL EMPRENDIMIENTO DIGITAL EN UNIVERSIDADES PÚBLICAS DE COLOMBIA. CASO DE ESTUDIO EL PROGRAMA DE INGENIERÍA DE SISTEMAS EN LA UNIVERSIDAD POPULAR DEL CESAR,2024,,Producción bibliográfica,Capítulo de libro,,pendiente,,,https://scienti.minciencias.gov.co/gruplac/jsp/visualiza/visualizagr.jsp?nro=00000000002099,"GrupLAC, sección Capítulos de libro publicados, consultado 2026-09-24",1
P-GR-74022E5272F0,"APLICACIÓN MÓVIL PARA PROMOVER EL TURISMO COMUNITARIO EN LA COMUNIDAD INDÍGENA ARHUACA EN EL MUNICIPIO DE PUEBLO BELLO, DEPARTAMENTO DEL CESAR",2022,,Producción bibliográfica,Capítulo de libro,,pendiente,,,https://scienti.minciencias.gov.co/gruplac/jsp/visualiza/visualizagr.jsp?nro=00000000002099,"GrupLAC, sección Capítulos de libro publicados, consultado 2026-09-24",1
P-GR-252601033A96,Utilización de métricas de calidad para evaluar las características de uso de un producto software,2022,,Producción bibliográfica,Capítulo de libro,,pendiente,,,https://scienti.minciencias.gov.co/gruplac/jsp/visualiza/visualizagr.jsp?nro=00000000002099,"GrupLAC, sección Capítulos de libro publicados, consultado 2026-09-24",1
P-GR-DBA082D745E6,PROCEDIMIETOS DE ESTUDIO EN EL APRENDIZAJE COLABORATIVO,2022,,Producción bibliográfica,Capítulo de libro,,pendiente,,,https://scienti.minciencias.gov.co/gruplac/jsp/visualiza/visualizagr.jsp?nro=00000000002099,"GrupLAC, sección Capítulos de libro publicados, consultado 2026-09-24",1
P-GR-5111A5D4CC31,RETOS EVALUATIVOS EN EL APRENDIZAJE COLABORATIVO,2022,,Producción bibliográfica,Capítulo de libro,,pendiente,,,https://scienti.minciencias.gov.co/gruplac/jsp/visualiza/visualizagr.jsp?nro=00000000002099,"GrupLAC, sección Capítulos de libro publicados, consultado 2026-09-24",1
P-GR-EAD50922E74B,Determinación del efecto de un sistema micro controlado de riego por goteo en la fertilización y cultivo del ají,2021,,Producción bibliográfica,Capítulo de libro,,pendiente,,,https://scienti.minciencias.gov.co/gruplac/jsp/visualiza/visualizagr.jsp?nro=00000000002099,"GrupLAC, sección Capítulos de libro publicados, consultado 2026-09-24",1
P-GR-54B89F41841B,Modelo incremental para las competencias docentes TICTACTEP en el desarrollo de las competencias digitales en Colombia,2019,,Producción bibliográfica,Capítulo de libro,,pendiente,,,https://scienti.minciencias.gov.co/gruplac/jsp/visualiza/visualizagr.jsp?nro=00000000002099,"GrupLAC, sección Capítulos de libro publicados, consultado 2026-09-24",1
P-GR-ECB62EF7A016,Realidad aumentada como apoyo en la enseñanza de la cultura,2019,,Producción bibliográfica,Capítulo de libro,,pendiente,,,https://scienti.minciencias.gov.co/gruplac/jsp/visualiza/visualizagr.jsp?nro=00000000002099,"GrupLAC, sección Capítulos de libro publicados, consultado 2026-09-24",1
P-GR-45F237AB9CD0,M-Learning como metodología de enseñanza y aprendizaje de la asignatura Inglés A2,2018,,Producción bibliográfica,Capítulo de libro,,pendiente,,,https://scienti.minciencias.gov.co/gruplac/jsp/visualiza/visualizagr.jsp?nro=00000000002099,"GrupLAC, sección Capítulos de libro publicados, consultado 2026-09-24",1
P-GR-FCD1894B0A33,DELITOS INFORMÁTICOS EN LA NORMATIVIDAD JURIDICA COLOMBIANA,2018,,Producción bibliográfica,Capítulo de libro,,pendiente,,,https://scienti.minciencias.gov.co/gruplac/jsp/visualiza/visualizagr.jsp?nro=00000000002099,"GrupLAC, sección Capítulos de libro publicados, consultado 2026-09-24",1
P-GR-295E9637472D,La investigación aplicada en la sociedad de la información: Innovación y Desarrollos,2018,,Producción bibliográfica,Capítulo de libro,,pendiente,,,https://scienti.minciencias.gov.co/gruplac/jsp/visualiza/visualizagr.jsp?nro=00000000002099,"GrupLAC, sección Capítulos de libro publicados, consultado 2026-09-24",1
P-GR-344616433808,"Una mirada a la despensa latinoamericana: Hábitos de consumo en el municipio de Valledupar, Cesar; Colombia",2015,,Producción bibliográfica,Capítulo de libro,,pendiente,,,https://scienti.minciencias.gov.co/gruplac/jsp/visualiza/visualizagr.jsp?nro=00000000002099,"GrupLAC, sección Capítulos de libro publicados, consultado 2026-09-24",1
P-GR-04AC59848F8D,Extending the local radial basis function collocation methods for solving semilinear partial differential equations,2009,,Producción bibliográfica,Otro capítulo de libro publicado,,pendiente,,,https://scienti.minciencias.gov.co/gruplac/jsp/visualiza/visualizagr.jsp?nro=00000000002099,"GrupLAC, sección Capítulos de libro publicados, consultado 2026-09-24",1
P-GR-8C8BA41E1D55,Modelamiento y Simulación de una Torre de Enfriamiento Mecánica,2008,,Producción bibliográfica,Otro capítulo de libro publicado,,pendiente,,,https://scienti.minciencias.gov.co/gruplac/jsp/visualiza/visualizagr.jsp?nro=00000000002099,"GrupLAC, sección Capítulos de libro publicados, consultado 2026-09-24",1
P-GR-989F846FE99B,Aplicación de los principios de transferencia de masa y calor en una torre de enfriamiento,2008,,Producción bibliográfica,Otro capítulo de libro publicado,,pendiente,,,https://scienti.minciencias.gov.co/gruplac/jsp/visualiza/visualizagr.jsp?nro=00000000002099,"GrupLAC, sección Capítulos de libro publicados, consultado 2026-09-24",1
P-GR-3F9167F19CC7,Comparison of several numerical schemes based on Kansa's Method to solve an initial boundary value problem,2007,,Producción bibliográfica,Otro capítulo de libro publicado,,pendiente,,,https://scienti.minciencias.gov.co/gruplac/jsp/visualiza/visualizagr.jsp?nro=00000000002099,"GrupLAC, sección Capítulos de libro publicados, consultado 2026-09-24",1
P-GR-F992F7872D1E,Documento maestro de registro calificado Especialización en Ingeniería de Software,2018,,Producción bibliográfica,Documento de trabajo (Working Paper),,pendiente,,,https://scienti.minciencias.gov.co/gruplac/jsp/visualiza/visualizagr.jsp?nro=00000000002099,"GrupLAC, sección Documentos de trabajo, consultado 2026-09-24",1
P-GR-7B5B2838DF9D,Lineas de Investigación del programa de Ingeniería de Sistemas,2016,,Producción bibliográfica,Documento de trabajo (Working Paper),,pendiente,,,https://scienti.minciencias.gov.co/gruplac/jsp/visualiza/visualizagr.jsp?nro=00000000002099,"GrupLAC, sección Documentos de trabajo, consultado 2026-09-24",1
P-GR-7FAD3D736F37,Evaluación de la confianza en e-commerce en consumidores con niveles de educación profesional en la ciudad de Valledupar - See more at: http://www.bdigital.unal.edu.co/46220/#sthash.HcA6OtmT.dpuf,2014,,Producción bibliográfica,Documento de trabajo (Working Paper),,pendiente,,,https://scienti.minciencias.gov.co/gruplac/jsp/visualiza/visualizagr.jsp?nro=00000000002099,"GrupLAC, sección Documentos de trabajo, consultado 2026-09-24",1
P-GR-255C5F99442E,"Metodología para el desarrollo de software integrando la arquitectura empresarial (EA), el modelado de procesos de negocio (BPM), y arquitectura orientada al servicio (SOA)",2013,,Producción bibliográfica,Otra,,pendiente,,,https://scienti.minciencias.gov.co/gruplac/jsp/visualiza/visualizagr.jsp?nro=00000000002099,"GrupLAC, sección Otra publicación divulgativa, consultado 2026-09-24",1
P-GR-E598EAB858FD,"APLICACIÓN MÓVIL COMO HERRAMIENTA PARA PRESERVAR LA LENGUA DEL PUEBLO KANKUAMO EN EL CORREGIMIENTO DE ATANQUEZ, MUNICIPIO DE VALLEDUPAR",2022,,Producción bibliográfica,Revista de divulgación,,pendiente,,,https://scienti.minciencias.gov.co/gruplac/jsp/visualiza/visualizagr.jsp?nro=00000000002099,"GrupLAC, sección Otros artículos publicados, consultado 2026-09-24",1
P-GR-2EB88FE36C34,EVALUACIÓN DE LA CALIDAD DEL SISTEMA DE INFORMACIÓN UTILIZANDO METRICAS DEL SOFTWARE,2022,,Producción bibliográfica,Revista de divulgación,,pendiente,,,https://scienti.minciencias.gov.co/gruplac/jsp/visualiza/visualizagr.jsp?nro=00000000002099,"GrupLAC, sección Otros artículos publicados, consultado 2026-09-24",1
P-GR-B4ED2C95E1A0,MODELO DE GOBIERNO DE TI PARA INSTITUCIONES PRESTADORAS DE SERVICIOS DE SALUD ¿ IPS,2020,,Producción bibliográfica,Revista de divulgación,,pendiente,,,https://scienti.minciencias.gov.co/gruplac/jsp/visualiza/visualizagr.jsp?nro=00000000002099,"GrupLAC, sección Otros artículos publicados, consultado 2026-09-24",1
P-GR-7D6F0DEDBE6C,SISTEMA DE INFORMACIÓN PARA LA GESTIÓN DE HOTELES Y CASAS RURALES,2018,,Producción bibliográfica,Revista de divulgación,,pendiente,,,https://scienti.minciencias.gov.co/gruplac/jsp/visualiza/visualizagr.jsp?nro=00000000002099,"GrupLAC, sección Otros artículos publicados, consultado 2026-09-24",1
P-GR-3BA0F3656809,APLICACIÓN MÓVIL PARA LA GESTIÓN DE HOTELES Y CASAS RURALES,2017,,Producción bibliográfica,Revista de divulgación,,pendiente,,,https://scienti.minciencias.gov.co/gruplac/jsp/visualiza/visualizagr.jsp?nro=00000000002099,"GrupLAC, sección Otros artículos publicados, consultado 2026-09-24",1
P-GR-E0BEE67A607B,WEB 2.0: ELEMENTO NECESARIO PARA EL APRENDIZAJE COLABORATIVO EN EDUCACIÓN SUPERIOR. UNA REVISIÓN,2014,,Producción bibliográfica,Revista de divulgación,,pendiente,,,https://scienti.minciencias.gov.co/gruplac/jsp/visualiza/visualizagr.jsp?nro=00000000002099,"GrupLAC, sección Otros artículos publicados, consultado 2026-09-24",1
P-GR-6063824CA251,formación inicial y práctica del profesor. Analisis desde las caracterizaciones del pensmaiento del profesor,2012,,Producción bibliográfica,Periódico de noticias,,pendiente,,,https://scienti.minciencias.gov.co/gruplac/jsp/visualiza/visualizagr.jsp?nro=00000000002099,"GrupLAC, sección Otros artículos publicados, consultado 2026-09-24",1
P-GR-568716D19AD3,SOLUCION DE LAS ECUACIONES DE NAVIER-STOKES USANDO COLOCACION LOCAL DE FUNCIONES DE BASE RADIAL,2010,,Producción bibliográfica,Periódico de noticias,,pendiente,,,https://scienti.minciencias.gov.co/gruplac/jsp/visualiza/visualizagr.jsp?nro=00000000002099,"GrupLAC, sección Otros artículos publicados, consultado 2026-09-24",1
P-GR-C726738E6443,Extending the local radial basis function collocation methods for solving semi-linear partial differential equations,2009,,Producción bibliográfica,Revista de divulgación,,pendiente,,,https://scienti.minciencias.gov.co/gruplac/jsp/visualiza/visualizagr.jsp?nro=00000000002099,"GrupLAC, sección Otros artículos publicados, consultado 2026-09-24",1
P-GR-D4DEF4AB9217,"Vallenato, matemático y físico, profesor de la Udes, científico de talla¿ y desconocido",2008,,Producción bibliográfica,Periódico de noticias,,pendiente,,,https://scienti.minciencias.gov.co/gruplac/jsp/visualiza/visualizagr.jsp?nro=00000000002099,"GrupLAC, sección Otros artículos publicados, consultado 2026-09-24",1
P-GR-7013D8135B5E,El Padre Del Analizador De Fuerza,2006,,Producción bibliográfica,Periódico de noticias,,pendiente,,,https://scienti.minciencias.gov.co/gruplac/jsp/visualiza/visualizagr.jsp?nro=00000000002099,"GrupLAC, sección Otros artículos publicados, consultado 2026-09-24",1
P-GR-9452550C25AD,Fundamentos en teoría de la computación,2024,,Producción bibliográfica,Libros de formación,,pendiente,,,https://scienti.minciencias.gov.co/gruplac/jsp/visualiza/visualizagr.jsp?nro=00000000002099,"GrupLAC, sección Libros de formación, consultado 2026-09-24",1
P-GR-BEBA8325DC8C,Introducción a la Ingeniería de Software,2023,,Producción bibliográfica,Libros de formación,,pendiente,,,https://scienti.minciencias.gov.co/gruplac/jsp/visualiza/visualizagr.jsp?nro=00000000002099,"GrupLAC, sección Libros de formación, consultado 2026-09-24",1
P-GR-5185B10D5731,Ciencias Naturales 5°,2023,,Producción bibliográfica,Libros de formación,,pendiente,,,https://scienti.minciencias.gov.co/gruplac/jsp/visualiza/visualizagr.jsp?nro=00000000002099,"GrupLAC, sección Libros de formación, consultado 2026-09-24",1
P-GR-3E98D041B1BD,Ciencias Naturales 5 A,2023,,Producción bibliográfica,Libros de formación,,pendiente,,,https://scienti.minciencias.gov.co/gruplac/jsp/visualiza/visualizagr.jsp?nro=00000000002099,"GrupLAC, sección Libros de formación, consultado 2026-09-24",1
P-GR-12A21C0412F1,Fundamentos De Analisis Quimico Cuantitativo,2006,,Producción bibliográfica,Otro libro publicado,,pendiente,,,https://scienti.minciencias.gov.co/gruplac/jsp/visualiza/visualizagr.jsp?nro=00000000002099,"GrupLAC, sección Otros Libros publicados, consultado 2026-09-24",1
P-GR-7601C3BD6808,OVA de Programación de computadores I,2019,,Producción técnica y tecnológica,Otro,,pendiente,,,https://scienti.minciencias.gov.co/gruplac/jsp/visualiza/visualizagr.jsp?nro=00000000002099,"GrupLAC, sección Otros productos tecnológicos, consultado 2026-09-24",1
P-GR-AA54A8011EA6,OVA de Algoritmos y Fundamentos de Programación,2018,,Producción técnica y tecnológica,Otro,,pendiente,,,https://scienti.minciencias.gov.co/gruplac/jsp/visualiza/visualizagr.jsp?nro=00000000002099,"GrupLAC, sección Otros productos tecnológicos, consultado 2026-09-24",1
P-GR-E67808F3E48A,UPC PRO,2025,,Producción técnica y tecnológica,Computacional,,pendiente,,,https://scienti.minciencias.gov.co/gruplac/jsp/visualiza/visualizagr.jsp?nro=00000000002099,"GrupLAC, sección Softwares, consultado 2026-09-24",1
P-GR-34C84FF3EEC3,"SOFTWARE PARA REGISTRO, CONTROL Y OPERACIONES MERCANTILES DE EMPRESAS COMERCIALIZADORAS DE ROPA Y ACCESORIOS",2024,,Producción técnica y tecnológica,Computacional,,pendiente,,,https://scienti.minciencias.gov.co/gruplac/jsp/visualiza/visualizagr.jsp?nro=00000000002099,"GrupLAC, sección Softwares, consultado 2026-09-24",1
P-GR-07DF6597FC47,SOFTWARE MOVIL Y WEB COMO AMBIENTE VIRTUAL DE APRENDIZAJE INMERSIVO CON INSTRUCCIÓN DIFERENCIADA PARA LA ENSEÑANZA DE LAS CIENCIAS NATURALES A DISCAPACITADOS AUDITIVOS,2024,,Producción técnica y tecnológica,Computacional,,pendiente,,,https://scienti.minciencias.gov.co/gruplac/jsp/visualiza/visualizagr.jsp?nro=00000000002099,"GrupLAC, sección Softwares, consultado 2026-09-24",1
P-GR-A359D2192C96,SOFTWARE COMO APLICACIÓN MÓVIL PARA EL APOYO EN EL DIAGNÓSTICO Y TOMA DE DECISIONES FRENTE A CASOS DE LEPRA EN EL DEPARTAMENTO DEL CESAR,2024,,Producción técnica y tecnológica,Computacional,,pendiente,,,https://scienti.minciencias.gov.co/gruplac/jsp/visualiza/visualizagr.jsp?nro=00000000002099,"GrupLAC, sección Softwares, consultado 2026-09-24",1
P-GR-FCF874DBD7DC,Software como aplicación móvil para el apoyo en el diagnóstico y toma de decisiones frente a casos de lepra en el departamento del Cesar.,2024,,Producción técnica y tecnológica,Computacional,,pendiente,,,https://scienti.minciencias.gov.co/gruplac/jsp/visualiza/visualizagr.jsp?nro=00000000002099,"GrupLAC, sección Softwares, consultado 2026-09-24",1
P-GR-5B62166B9F6A,Micrositio deptarmento de Lenguas Modernas,2024,,Producción técnica y tecnológica,Otra,,pendiente,,,https://scienti.minciencias.gov.co/gruplac/jsp/visualiza/visualizagr.jsp?nro=00000000002099,"GrupLAC, sección Softwares, consultado 2026-09-24",1
P-GR-BEF57EDF2BF9,APLICACION MOVIL TU RUTA,2024,,Producción técnica y tecnológica,Computacional,,pendiente,,,https://scienti.minciencias.gov.co/gruplac/jsp/visualiza/visualizagr.jsp?nro=00000000002099,"GrupLAC, sección Softwares, consultado 2026-09-24",1
P-GR-29E8F8FC7CF0,TU RUTA,2024,,Producción técnica y tecnológica,Computacional,,pendiente,,,https://scienti.minciencias.gov.co/gruplac/jsp/visualiza/visualizagr.jsp?nro=00000000002099,"GrupLAC, sección Softwares, consultado 2026-09-24",1
P-GR-DD5C71BDE3D6,TENDEFACIL,2024,,Producción técnica y tecnológica,Computacional,,pendiente,,,https://scienti.minciencias.gov.co/gruplac/jsp/visualiza/visualizagr.jsp?nro=00000000002099,"GrupLAC, sección Softwares, consultado 2026-09-24",1
P-GR-51E400EA87E8,"SOFTWARE PARA LA GESTIÓN Y ADMINISTRACIÓN DE LAS COMPRAS, VENTAS Y MANEJO DE INVENTARIO DE REPOSTERÍAS",2024,,Producción técnica y tecnológica,Computacional,,pendiente,,,https://scienti.minciencias.gov.co/gruplac/jsp/visualiza/visualizagr.jsp?nro=00000000002099,"GrupLAC, sección Softwares, consultado 2026-09-24",1
P-GR-FCF51B7D44D2,"SOFTWARE PARA LA GESTIÓN Y ADMINISTRACIÓN DE LAS COMPRAS, VENTAS Y MANEJO DE INVENTARIO DE REPOSTERÍAS",2023,,Producción técnica y tecnológica,Computacional,,pendiente,,,https://scienti.minciencias.gov.co/gruplac/jsp/visualiza/visualizagr.jsp?nro=00000000002099,"GrupLAC, sección Softwares, consultado 2026-09-24",1
P-GR-A4239CA6DC02,"APLICACIÓN MÓVIL PARA INCENTIVAR EL TURISMO COMUNITARIO EN EL MUNICIPIO DE PUEBLO BELLO, DEPARTAMENTO DEL CÉSAR - IKU",2023,,Producción técnica y tecnológica,Computacional,,pendiente,,,https://scienti.minciencias.gov.co/gruplac/jsp/visualiza/visualizagr.jsp?nro=00000000002099,"GrupLAC, sección Softwares, consultado 2026-09-24",1
P-GR-6A4985DA3626,SOFTWARE COMO SISTEMA DE INFORMACIÓN PARA LA GESTIÓN DOCUMENTAL Y CONSULTAS GENERALES DE NORMAS JURÍDICAS,2023,,Producción técnica y tecnológica,Computacional,,pendiente,,,https://scienti.minciencias.gov.co/gruplac/jsp/visualiza/visualizagr.jsp?nro=00000000002099,"GrupLAC, sección Softwares, consultado 2026-09-24",1
P-GR-972AE047589A,SOFTWARE PARA LA GESTIÓN DE INVENTARIO Y VENTAS AGROINDUSTIALES.,2023,,Producción técnica y tecnológica,Computacional,,pendiente,,,https://scienti.minciencias.gov.co/gruplac/jsp/visualiza/visualizagr.jsp?nro=00000000002099,"GrupLAC, sección Softwares, consultado 2026-09-24",1
P-GR-94A161380D37,SOFTWARE PARA LA GESTIÓN DE INVENTARIO Y VENTAS AGROINDUSTIALES,2023,,Producción técnica y tecnológica,Computacional,,pendiente,,,https://scienti.minciencias.gov.co/gruplac/jsp/visualiza/visualizagr.jsp?nro=00000000002099,"GrupLAC, sección Softwares, consultado 2026-09-24",1
P-GR-C6BCC3B9487A,SOFTWARE PARA LA GESTIÓN DE PRODUCTOS PRESENTADOS ANTE EL COMITÉ EDITORIAL,2022,,Producción técnica y tecnológica,Computacional,,pendiente,,,https://scienti.minciencias.gov.co/gruplac/jsp/visualiza/visualizagr.jsp?nro=00000000002099,"GrupLAC, sección Softwares, consultado 2026-09-24",1
P-GR-E33A53C4CC47,SOFTWARE PARA LA GESTIÓN DE PRODUCTOS PRESENTADOS ANTE EL COMITÉ EDITORIA,2022,,Producción técnica y tecnológica,Computacional,,pendiente,,,https://scienti.minciencias.gov.co/gruplac/jsp/visualiza/visualizagr.jsp?nro=00000000002099,"GrupLAC, sección Softwares, consultado 2026-09-24",1
P-GR-CFD332317522,SISTEMA DE INFORMACIÓN (SOFTWARE) PARA EL ANÁLISIS DE COSTOS EN EL PROCESO DE EMPAQUE Y EMBALAJE DE PRODUCTOS DE EXPORTACIÓN,2022,,Producción técnica y tecnológica,Computacional,,pendiente,,,https://scienti.minciencias.gov.co/gruplac/jsp/visualiza/visualizagr.jsp?nro=00000000002099,"GrupLAC, sección Softwares, consultado 2026-09-24",1
P-GR-4BF0C2E0CBD8,SOFTWARE APLICATIVO INFORMÁTICO PARA MEDIR EL POTENCIAL EXPORTADOR EN MIPYMES DE COLOMBIA,2022,,Producción técnica y tecnológica,Computacional,,pendiente,,,https://scienti.minciencias.gov.co/gruplac/jsp/visualiza/visualizagr.jsp?nro=00000000002099,"GrupLAC, sección Softwares, consultado 2026-09-24",1
P-GR-18DAD3066DEA,SOFTWARE PARA LA CONSULTA Y GENERACIÓN DEL FORMATO 220 DE LA DIAN SEGÚN INGRESOS EN UNA COMPAÑÍA CASO (UPC),2022,,Producción técnica y tecnológica,Computacional,,pendiente,,,https://scienti.minciencias.gov.co/gruplac/jsp/visualiza/visualizagr.jsp?nro=00000000002099,"GrupLAC, sección Softwares, consultado 2026-09-24",1
P-GR-005878A35E60,SOFTWARE PARA LA CONSULTA Y GENERACIÓN DEL FORMATO 220 DE LA DIAN SEGÚN INGRESOS ES UN COMPAÑÍA CASO (UPC),2022,,Producción técnica y tecnológica,Computacional,,pendiente,,,https://scienti.minciencias.gov.co/gruplac/jsp/visualiza/visualizagr.jsp?nro=00000000002099,"GrupLAC, sección Softwares, consultado 2026-09-24",1
P-GR-7C29B7E3300B,APLICACIÓN WEB PARA LA CARACTERIZACIÓN DE ESTUDIANTES MEDIANTE ESTILOS DE APRENDIZAJE,2022,,Producción técnica y tecnológica,Computacional,,pendiente,,,https://scienti.minciencias.gov.co/gruplac/jsp/visualiza/visualizagr.jsp?nro=00000000002099,"GrupLAC, sección Softwares, consultado 2026-09-24",1
P-GR-6AC60382AB72,SISTEMA DE INFORMACIÓN PARA LA GESTIÓN DEL PLAN DE ACCIÓN DOCENTE DE LA UNIVERSIDAD POPULAR DEL CESAR,2021,,Producción técnica y tecnológica,Computacional,,pendiente,,,https://scienti.minciencias.gov.co/gruplac/jsp/visualiza/visualizagr.jsp?nro=00000000002099,"GrupLAC, sección Softwares, consultado 2026-09-24",1
P-GR-09A47BDF6DCD,SISTEMA DE INFORMACIÓN PARA EL PROCESO DE GESTIÓN DOCENCIA DE LA UNIVERSIDAD POPULAR DEL CESAR.,2021,,Producción técnica y tecnológica,Computacional,,pendiente,,,https://scienti.minciencias.gov.co/gruplac/jsp/visualiza/visualizagr.jsp?nro=00000000002099,"GrupLAC, sección Softwares, consultado 2026-09-24",1
P-GR-26781899AB2B,SISTEMA DE INFORMACIÓN PARA EL PROCESO DE GESTIÓN DOCENCIA DE LA UNIVERSIDAD POPULAR DEL CESAR,2021,,Producción técnica y tecnológica,Computacional,,pendiente,,,https://scienti.minciencias.gov.co/gruplac/jsp/visualiza/visualizagr.jsp?nro=00000000002099,"GrupLAC, sección Softwares, consultado 2026-09-24",1
P-GR-31C16E130328,APLICACIÓN WEB PARA LA CARACTERIZACIÓN DE ESTUDIANTES MEDIANTE ESTILOS DE APRENDIZAJE,2021,,Producción técnica y tecnológica,Computacional,,pendiente,,,https://scienti.minciencias.gov.co/gruplac/jsp/visualiza/visualizagr.jsp?nro=00000000002099,"GrupLAC, sección Softwares, consultado 2026-09-24",1
P-GR-21F965AC4CE4,SISTEMA DE INFORMACIÓN PARA LA GESTIÓN Y CONTROL DE PRACTICAS EMPRESARIALES DE LA FACULTAD DE CIENCIAS ADMINISTRATIVAS Y CONTABLES DE LA UPC,2021,,Producción técnica y tecnológica,Computacional,,pendiente,,,https://scienti.minciencias.gov.co/gruplac/jsp/visualiza/visualizagr.jsp?nro=00000000002099,"GrupLAC, sección Softwares, consultado 2026-09-24",1
P-GR-18DDE3320DCF,SISTEMA DE GESTIÓN Y CONTROL DE VACUNAS EN LA GANADERÍA,2021,,Producción técnica y tecnológica,Computacional,,pendiente,,,https://scienti.minciencias.gov.co/gruplac/jsp/visualiza/visualizagr.jsp?nro=00000000002099,"GrupLAC, sección Softwares, consultado 2026-09-24",1
P-GR-E8E5BDCE8E93,SISTEMA DE INFORMACIÓN PARA LA GESTIÓN DE LA MATRIZ DE COSTOS EN LA COMERCIALIZADORA SEYNEKUN,2020,,Producción técnica y tecnológica,Computacional,,pendiente,,,https://scienti.minciencias.gov.co/gruplac/jsp/visualiza/visualizagr.jsp?nro=00000000002099,"GrupLAC, sección Softwares, consultado 2026-09-24",1
P-GR-03B4434477AF,SISTEMA DE INFORMACIÓN PARA EL CONTROL DE LOS PROCESOS ACADÉMICOS Y ADMINISTRATIVOS ASOCIADOS AL CONSEJO DE FACULTAD DE LA UNIVERSIDAD POPULAR DEL CESAR,2020,,Producción técnica y tecnológica,Computacional,,pendiente,,,https://scienti.minciencias.gov.co/gruplac/jsp/visualiza/visualizagr.jsp?nro=00000000002099,"GrupLAC, sección Softwares, consultado 2026-09-24",1
P-GR-22C693129F9E,SISTEMA DE INFORMACIÓN PARA LA GESTIÓN E INVENTARIO DE INSUMOS DEL LABORATORIO DE MICROBIOLOGÍA DE LA UNIVERSIDAD POPULAR DEL CESAR.,2020,,Producción técnica y tecnológica,Computacional,,pendiente,,,https://scienti.minciencias.gov.co/gruplac/jsp/visualiza/visualizagr.jsp?nro=00000000002099,"GrupLAC, sección Softwares, consultado 2026-09-24",1
P-GR-35407DC5D608,SISTEMA DE GESTIÓN DE PROYECTOS DE INVESTIGACIÓN Y PONENCIAS DEL PROGRAMA DE MICROBIOLOGÍA DE LA UNIVERSIDAD POPULAR DEL CESAR,2020,,Producción técnica y tecnológica,Computacional,,pendiente,,,https://scienti.minciencias.gov.co/gruplac/jsp/visualiza/visualizagr.jsp?nro=00000000002099,"GrupLAC, sección Softwares, consultado 2026-09-24",1
P-GR-36588E2A6C44,SISTEMA DE INFORMACIÓN PARA LA GESTIÓN DE INFORMACIÓN DE LAS ASISTENCIAS A CLASES DE LOS ESTUDIANTES DE LA UNIVERSIDAD POPULAR DEL CESAR,2020,,Producción técnica y tecnológica,Computacional,,pendiente,,,https://scienti.minciencias.gov.co/gruplac/jsp/visualiza/visualizagr.jsp?nro=00000000002099,"GrupLAC, sección Softwares, consultado 2026-09-24",1
P-GR-477C408A2D10,APLICACIÓN WEB PARA LA COMERCIALIZACIÓN DE PRODUCTOS EN LA EMPRESA FLORIDA IMPORT,2020,,Producción técnica y tecnológica,Computacional,,pendiente,,,https://scienti.minciencias.gov.co/gruplac/jsp/visualiza/visualizagr.jsp?nro=00000000002099,"GrupLAC, sección Softwares, consultado 2026-09-24",1
P-GR-D3AA18125F6F,SOFTWARE EL CESAR TE PROTEGE - COVID -19,2020,,Producción técnica y tecnológica,Computacional,,pendiente,,,https://scienti.minciencias.gov.co/gruplac/jsp/visualiza/visualizagr.jsp?nro=00000000002099,"GrupLAC, sección Softwares, consultado 2026-09-24",1
P-GR-9B28930EA4D4,SISTEMA DE INFORMACIÓN PARA LAS ESTADÍSTICAS VITALES FRENTE AL COVID-19,2020,,Producción técnica y tecnológica,Computacional,,pendiente,,,https://scienti.minciencias.gov.co/gruplac/jsp/visualiza/visualizagr.jsp?nro=00000000002099,"GrupLAC, sección Softwares, consultado 2026-09-24",1
P-GR-5E21260A16DF,REPOSITORIO DE PROYECTOS DE AULA UNICESAR,2020,,Producción técnica y tecnológica,Computacional,,pendiente,,,https://scienti.minciencias.gov.co/gruplac/jsp/visualiza/visualizagr.jsp?nro=00000000002099,"GrupLAC, sección Softwares, consultado 2026-09-24",1
P-GR-E6A7D0660A44,APLICATIVO WEB PARA EL REPORTE DE LAS ACTIVIDADES COMPLEMENTARIAS EN LA UNIVERSIDAD POPULAR DEL CESAR,2020,,Producción técnica y tecnológica,Computacional,,pendiente,,,https://scienti.minciencias.gov.co/gruplac/jsp/visualiza/visualizagr.jsp?nro=00000000002099,"GrupLAC, sección Softwares, consultado 2026-09-24",1
P-GR-14CCF4D1DED5,SISTEMA DE INFORMACIÓN PARA LA GESTIÓN DE ELECCIONES DENTRO DE UNA ORGANIZACIÓN,2019,,Producción técnica y tecnológica,Computacional,,pendiente,,,https://scienti.minciencias.gov.co/gruplac/jsp/visualiza/visualizagr.jsp?nro=00000000002099,"GrupLAC, sección Softwares, consultado 2026-09-24",1
P-GR-7CBAD0D0F8B1,APLICACIÓN MÓVIL PARA EL PROCESO DE VOTACIÓN,2019,,Producción técnica y tecnológica,Computacional,,pendiente,,,https://scienti.minciencias.gov.co/gruplac/jsp/visualiza/visualizagr.jsp?nro=00000000002099,"GrupLAC, sección Softwares, consultado 2026-09-24",1
P-GR-59F03160BA55,SERVICIOS WEB PARA LA INTEGRACIÓN DE LA PLATAFORMA ACADEMUSOFT Y LOS PAGOS REALIZADOS EN LOS BANCOS,2019,,Producción técnica y tecnológica,Computacional,,pendiente,,,https://scienti.minciencias.gov.co/gruplac/jsp/visualiza/visualizagr.jsp?nro=00000000002099,"GrupLAC, sección Softwares, consultado 2026-09-24",1
P-GR-09ADA1D4A0CF,APLICACIÓN MÓVIL PARA LA ENSEÑANZA DE LA LECTURA Y ESCRITURA A NIÑOS EN CONDICIÓN DE DISCAPACIDAD AUDITIVA (VOCALAPP),2019,,Producción técnica y tecnológica,Computacional,,pendiente,,,https://scienti.minciencias.gov.co/gruplac/jsp/visualiza/visualizagr.jsp?nro=00000000002099,"GrupLAC, sección Softwares, consultado 2026-09-24",1
P-GR-86EEC5622178,SOFTWARE WEB PARA LA SECCIÓN DE DEPORTES EN BIENESTAR UNIVERSITARIO DE LA UNIVERSIDAD POPULAR DEL CESAR,2019,,Producción técnica y tecnológica,Computacional,,pendiente,,,https://scienti.minciencias.gov.co/gruplac/jsp/visualiza/visualizagr.jsp?nro=00000000002099,"GrupLAC, sección Softwares, consultado 2026-09-24",1
P-GR-C2ED698BB8EB,"APLICATIVO WEB PARA EL REGISTRO, CONTROL Y SEGUIMIENTO AL PLAN DE ACCIÓN DE LAS DEPENDENCIAS DE LA UNIVERSIDAD POPULAR DEL CESAR",2019,,Producción técnica y tecnológica,Computacional,,pendiente,,,https://scienti.minciencias.gov.co/gruplac/jsp/visualiza/visualizagr.jsp?nro=00000000002099,"GrupLAC, sección Softwares, consultado 2026-09-24",1
P-GR-2C9CDCC34776,SISTEMA WEB PARA LA GESTIÓN E INSCRIPCIÓN PARA SEMINARIOS Y PREPARATORIOS EN LA FACULTAD DE ‎ DERECHO DE LA UNIVERSIDAD POPULAR DEL CESAR‎,2019,,Producción técnica y tecnológica,Computacional,,pendiente,,,https://scienti.minciencias.gov.co/gruplac/jsp/visualiza/visualizagr.jsp?nro=00000000002099,"GrupLAC, sección Softwares, consultado 2026-09-24",1
P-GR-EC068A32BDF8,SIDIPA: SIMULADOR DISTRIBUIDO DE PANTALLAS PARA ONDAS SONOIDALES,2018,,Producción técnica y tecnológica,Computacional,,pendiente,,,https://scienti.minciencias.gov.co/gruplac/jsp/visualiza/visualizagr.jsp?nro=00000000002099,"GrupLAC, sección Softwares, consultado 2026-09-24",1
P-GR-E6AE81CA1D89,SISOBEEM: SIMULADOR MULTI-AGENTE PARA EL ANÁLISIS DEL COMPORTAMIENTO SOCIAL ANTE UN ACONTECIMIENTO DE EMERGENCIA,2018,,Producción técnica y tecnológica,Computacional,,pendiente,,,https://scienti.minciencias.gov.co/gruplac/jsp/visualiza/visualizagr.jsp?nro=00000000002099,"GrupLAC, sección Softwares, consultado 2026-09-24",1
P-GR-B880EFD5067B,QUALIS: SISTEMA DE MONITOREO DE MATERIAL PARTICULADO EN AIRE EN LAS MINAS DE CARBÓN A CIELO ABIERTO,2018,,Producción técnica y tecnológica,Computacional,,pendiente,,,https://scienti.minciencias.gov.co/gruplac/jsp/visualiza/visualizagr.jsp?nro=00000000002099,"GrupLAC, sección Softwares, consultado 2026-09-24",1
P-GR-42A5C15B2601,SCMG: SISTEMA DE RECONOCIMIENTO DE PATRONES PARA MARCAS DE GANADERÍA,2018,,Producción técnica y tecnológica,Computacional,,pendiente,,,https://scienti.minciencias.gov.co/gruplac/jsp/visualiza/visualizagr.jsp?nro=00000000002099,"GrupLAC, sección Softwares, consultado 2026-09-24",1
P-GR-6FE67D07E188,TMEXPRESS,2018,,Producción técnica y tecnológica,Computacional,,pendiente,,,https://scienti.minciencias.gov.co/gruplac/jsp/visualiza/visualizagr.jsp?nro=00000000002099,"GrupLAC, sección Softwares, consultado 2026-09-24",1
P-GR-C3CED096CEE1,Sistema de información para la evaluación de pacientes,2018,,Producción técnica y tecnológica,Computacional,,pendiente,,,https://scienti.minciencias.gov.co/gruplac/jsp/visualiza/visualizagr.jsp?nro=00000000002099,"GrupLAC, sección Softwares, consultado 2026-09-24",1
P-GR-9404D1F52134,Sistema de Información para el seguimiento a asignaturas,2018,,Producción técnica y tecnológica,Computacional,,pendiente,,,https://scienti.minciencias.gov.co/gruplac/jsp/visualiza/visualizagr.jsp?nro=00000000002099,"GrupLAC, sección Softwares, consultado 2026-09-24",1
P-GR-80092F550158,Sistema de información para el registro de sintomas y diagnostico de enferemedades respiratorias,2018,,Producción técnica y tecnológica,Computacional,,pendiente,,,https://scienti.minciencias.gov.co/gruplac/jsp/visualiza/visualizagr.jsp?nro=00000000002099,"GrupLAC, sección Softwares, consultado 2026-09-24",1
P-GR-2E2AB9781C6B,CONOCIENDO LOS MÉTODOS Y HÁBITOS DE ESTUDIO,2018,,Producción técnica y tecnológica,Computacional,,pendiente,,,https://scienti.minciencias.gov.co/gruplac/jsp/visualiza/visualizagr.jsp?nro=00000000002099,"GrupLAC, sección Softwares, consultado 2026-09-24",1
P-GR-0636B6B7DB64,SOFTWARE PARA LA GESTIÓN E INSCRIPCIÓN DE DOCENTES A CONVOCATORIAS PARA LA VINCULACIÓN DE PROFESORES,2018,,Producción técnica y tecnológica,Computacional,,pendiente,,,https://scienti.minciencias.gov.co/gruplac/jsp/visualiza/visualizagr.jsp?nro=00000000002099,"GrupLAC, sección Softwares, consultado 2026-09-24",1
P-GR-6BE21C9B38E2,SISTEMA INTEGRAL DE INFORMACION BIBLIOGRAFICA DE LA UPC,2018,,Producción técnica y tecnológica,Computacional,,pendiente,,,https://scienti.minciencias.gov.co/gruplac/jsp/visualiza/visualizagr.jsp?nro=00000000002099,"GrupLAC, sección Softwares, consultado 2026-09-24",1
P-GR-986CDC308DFC,Aplicacion movil para la gestion de hoteles y casas rurales,2018,,Producción técnica y tecnológica,Computacional,,pendiente,,,https://scienti.minciencias.gov.co/gruplac/jsp/visualiza/visualizagr.jsp?nro=00000000002099,"GrupLAC, sección Softwares, consultado 2026-09-24",1
P-GR-F80B3B09187D,sistema de integracion online en la ciudad de Valledupar - SICOV,2018,,Producción técnica y tecnológica,Computacional,,pendiente,,,https://scienti.minciencias.gov.co/gruplac/jsp/visualiza/visualizagr.jsp?nro=00000000002099,"GrupLAC, sección Softwares, consultado 2026-09-24",1
P-GR-9B5B48B2378D,APLICACIÓN WEB PARA EL REGISTRO Y SEGUIMIENTO A LAS PRÁCTICAS PROFESIONALES.,2016,,Producción técnica y tecnológica,Computacional,,pendiente,,,https://scienti.minciencias.gov.co/gruplac/jsp/visualiza/visualizagr.jsp?nro=00000000002099,"GrupLAC, sección Softwares, consultado 2026-09-24",1
P-GR-E2D3EE5543FB,APLICATIVO WEB PARA LA ASIGNACIÓN DE CITAS PARA LA IPS DE LA UNIVERSIDAD POPULAR DEL CESAR,2016,,Producción técnica y tecnológica,Computacional,,pendiente,,,https://scienti.minciencias.gov.co/gruplac/jsp/visualiza/visualizagr.jsp?nro=00000000002099,"GrupLAC, sección Softwares, consultado 2026-09-24",1
P-GR-DAEFFAABA2BF,Aplicativo web para el seguimiento e inserción laboral de los egresados del programa de ingeniería de sistemas de la Universidad Popular del Cesar,2016,,Producción técnica y tecnológica,Computacional,,pendiente,,,https://scienti.minciencias.gov.co/gruplac/jsp/visualiza/visualizagr.jsp?nro=00000000002099,"GrupLAC, sección Softwares, consultado 2026-09-24",1
P-GR-DDEA9CF46A5E,APLICATIVO WEB PARA LA GESTIÓN Y CONTROL DE LOS SUMINISTROS EMPRESARIALES.,2016,,Producción técnica y tecnológica,Computacional,,pendiente,,,https://scienti.minciencias.gov.co/gruplac/jsp/visualiza/visualizagr.jsp?nro=00000000002099,"GrupLAC, sección Softwares, consultado 2026-09-24",1
P-GR-9305C400CA4D,APLICATIVO WEB PARA EL REGISTRO Y ASIGNACIÓN DE CITAS MÉDICAS.,2016,,Producción técnica y tecnológica,Computacional,,pendiente,,,https://scienti.minciencias.gov.co/gruplac/jsp/visualiza/visualizagr.jsp?nro=00000000002099,"GrupLAC, sección Softwares, consultado 2026-09-24",1
P-GR-9D12008A401F,APLICATIVO MOVIL PARA EL SEGUIMIENTO E INSERCIÓN LABORAL DE EGRESADOS.,2016,,Producción técnica y tecnológica,Computacional,,pendiente,,,https://scienti.minciencias.gov.co/gruplac/jsp/visualiza/visualizagr.jsp?nro=00000000002099,"GrupLAC, sección Softwares, consultado 2026-09-24",1
P-GR-5AC71D09D190,SCAT,2016,,Producción técnica y tecnológica,Computacional,,pendiente,,,https://scienti.minciencias.gov.co/gruplac/jsp/visualiza/visualizagr.jsp?nro=00000000002099,"GrupLAC, sección Softwares, consultado 2026-09-24",1
P-GR-E52B998BB650,"SmartLight: Sistema de Monitoreo, control y automatización de gestión energética",2016,,Producción técnica y tecnológica,Computacional,,pendiente,,,https://scienti.minciencias.gov.co/gruplac/jsp/visualiza/visualizagr.jsp?nro=00000000002099,"GrupLAC, sección Softwares, consultado 2026-09-24",1
P-GR-F26B7D5085A8,CONOCIENDO LOS MÉTODOS Y HÁBITOS DE ESTUDIO,2016,,Producción técnica y tecnológica,Computacional,,pendiente,,,https://scienti.minciencias.gov.co/gruplac/jsp/visualiza/visualizagr.jsp?nro=00000000002099,"GrupLAC, sección Softwares, consultado 2026-09-24",1
P-GR-43E21FF5E5B0,MODULO PARA GENERAR ESTILOS DE APRENDIZAJE,2016,,Producción técnica y tecnológica,Computacional,,pendiente,,,https://scienti.minciencias.gov.co/gruplac/jsp/visualiza/visualizagr.jsp?nro=00000000002099,"GrupLAC, sección Softwares, consultado 2026-09-24",1
P-GR-2540AD9D8CD0,SOFTWARE PARA EVALUACIÓN DE REHABILITACIÓN FUNCIONAL EN EXTREMIDADES INFERIORES EN PACIENTES CON DISCAPACIDAD Y TRAUMATOLOGÍA FÍSICA,2015,,Producción técnica y tecnológica,Computacional,,pendiente,,,https://scienti.minciencias.gov.co/gruplac/jsp/visualiza/visualizagr.jsp?nro=00000000002099,"GrupLAC, sección Softwares, consultado 2026-09-24",1
P-GR-772FB810999F,UPARGUIDE,2015,,Producción técnica y tecnológica,Computacional,,pendiente,,,https://scienti.minciencias.gov.co/gruplac/jsp/visualiza/visualizagr.jsp?nro=00000000002099,"GrupLAC, sección Softwares, consultado 2026-09-24",1
P-GR-94562A9A4731,Sistema de Información y gestión de predios ejidales de la ciudad de Valledupar,2015,,Producción técnica y tecnológica,Computacional,,pendiente,,,https://scienti.minciencias.gov.co/gruplac/jsp/visualiza/visualizagr.jsp?nro=00000000002099,"GrupLAC, sección Softwares, consultado 2026-09-24",1
P-GR-8ABAD17F0549,SITHEC,2015,,Producción técnica y tecnológica,Computacional,,pendiente,,,https://scienti.minciencias.gov.co/gruplac/jsp/visualiza/visualizagr.jsp?nro=00000000002099,"GrupLAC, sección Softwares, consultado 2026-09-24",1
P-GR-698AF330721B,Simulador de caldera pirotubular,2004,,Producción técnica y tecnológica,Computacional,,pendiente,,,https://scienti.minciencias.gov.co/gruplac/jsp/visualiza/visualizagr.jsp?nro=00000000002099,"GrupLAC, sección Softwares, consultado 2026-09-24",1
P-GR-8AC932E7B76E,PIDSIM 1.0,2004,,Producción técnica y tecnológica,Computacional,,pendiente,,,https://scienti.minciencias.gov.co/gruplac/jsp/visualiza/visualizagr.jsp?nro=00000000002099,"GrupLAC, sección Softwares, consultado 2026-09-24",1
P-GR-E4FE25660FE1,Simulador de Pasterizador de placas,2004,,Producción técnica y tecnológica,Computacional,,pendiente,,,https://scienti.minciencias.gov.co/gruplac/jsp/visualiza/visualizagr.jsp?nro=00000000002099,"GrupLAC, sección Softwares, consultado 2026-09-24",1
P-GR-7E8B33709B65,Sofware de Métodos Numericos,2003,,Producción técnica y tecnológica,Computacional,,pendiente,,,https://scienti.minciencias.gov.co/gruplac/jsp/visualiza/visualizagr.jsp?nro=00000000002099,"GrupLAC, sección Softwares, consultado 2026-09-24",1
P-GR-62E702B639B2,simper1.0,2003,,Producción técnica y tecnológica,Computacional,,pendiente,,,https://scienti.minciencias.gov.co/gruplac/jsp/visualiza/visualizagr.jsp?nro=00000000002099,"GrupLAC, sección Softwares, consultado 2026-09-24",1
P-GR-F48D3ED2FDB4,Simulador de Pasterización,2001,,Producción técnica y tecnológica,Computacional,,pendiente,,,https://scienti.minciencias.gov.co/gruplac/jsp/visualiza/visualizagr.jsp?nro=00000000002099,"GrupLAC, sección Softwares, consultado 2026-09-24",1
P-GR-5E3BB261D94B,Alineador de ejes de maquinaria rotativa basado en un indicador digital,1998,,Producción técnica y tecnológica,Computacional,,pendiente,,,https://scienti.minciencias.gov.co/gruplac/jsp/visualiza/visualizagr.jsp?nro=00000000002099,"GrupLAC, sección Softwares, consultado 2026-09-24",1
P-GR-B16E6B1DD4BD,Diseño de Circuitos para Bombeo de Agua,1997,,Producción técnica y tecnológica,Computacional,,pendiente,,,https://scienti.minciencias.gov.co/gruplac/jsp/visualiza/visualizagr.jsp?nro=00000000002099,"GrupLAC, sección Softwares, consultado 2026-09-24",1
P-GR-CE880008BD36,"TECNOLOGÍA E INNOVACIÓN PARA SOLUCIONES EN SALUD S.A.S,",2015,,Producción técnica y tecnológica,Spin-off,,pendiente,,,https://scienti.minciencias.gov.co/gruplac/jsp/visualiza/visualizagr.jsp?nro=00000000002099,"GrupLAC, sección Empresas de base tecnológica, consultado 2026-09-24",1
P-GR-E1EDE91E68E3,ZAINO TECH,2015,,Producción técnica y tecnológica,Spin-off,,pendiente,,,https://scienti.minciencias.gov.co/gruplac/jsp/visualiza/visualizagr.jsp?nro=00000000002099,"GrupLAC, sección Empresas de base tecnológica, consultado 2026-09-24",1
